Fantasy_Team,Player_Name
Grellton Germans,Leon Draisaitl
Grellton Germans,Matt Boldy
Grellton Germans,Nico Hischier
Grellton Germans,Dylan Larkin
Grellton Germans,Alex Tuch
Grellton Germans,Tomas Hertl
Grellton Germans,Quinton Byfield
Grellton Germans,Owen Tippett
Grellton Germans,Valeri Nichushkin
Grellton Germans,Rasmus Dahlin
Grellton Germans,Moritz Seider
Grellton Germans,Travis Sanheim
Grellton Germans,Shea Theodore
Grellton Germans,Shayne Gostisbehere
Grellton Germans,Ivan Provorov
Grellton Germans,Jeremy Swayman
Grellton Germans,Philipp Grubauer
Grellton Germans,JJ Peterka
Grellton Germans,Elias Lindholm
Grellton Germans,Lukas Dostal
Grellton Germans,Adam Fantilli
Grellton Germans,Mikael Granlund
Grellton Germans,Morgan Rielly
Grellton Germans,Dylan Holloway
The Gourde Boys,Brandon Hagel
The Gourde Boys,Connor McDavid
The Gourde Boys,Mitch Marner
The Gourde Boys,Seth Jarvis
The Gourde Boys,Timo Meier
The Gourde Boys,Andrei Svechnikov
The Gourde Boys,Yanni Gourde
The Gourde Boys,Jordan Staal
The Gourde Boys,Filip Hronek
The Gourde Boys,Vladislav Gavrikov
The Gourde Boys,Darren Raddysh
The Gourde Boys,Oliver Ekman-Larsson
The Gourde Boys,Radko Gudas
The Gourde Boys,Steven Stamkos
The Gourde Boys,Juuse Saros
The Gourde Boys,Joseph Woll
The Gourde Boys,Kirill Kaprizov
The Gourde Boys,Anthony Cirelli
The Gourde Boys,Simon Edvinsson
The Gourde Boys,Alex Killorn
The Gourde Boys,Tanner Jeannot
The Gourde Boys,Seth Jones
The Gourde Boys,Leo Carlsson
Buffalo Wild Things,Tage Thompson
Buffalo Wild Things,Nathan MacKinnon
Buffalo Wild Things,Vincent Trocheck
Buffalo Wild Things,Dylan Cozens
Buffalo Wild Things,Trevor Zegras
Buffalo Wild Things,Ryan McLeod
Buffalo Wild Things,Anthony Duclair
Buffalo Wild Things,Jimmy Snuggerud
Buffalo Wild Things,Jake Sanderson
Buffalo Wild Things,Cam York
Buffalo Wild Things,Adam Pelech
Buffalo Wild Things,Tony DeAngelo
Buffalo Wild Things,Jamie Drysdale
Buffalo Wild Things,Nick Schmaltz
Buffalo Wild Things,Scott Wedgewood
Buffalo Wild Things,John Gibson
Buffalo Wild Things,Quinn Hughes
Buffalo Wild Things,Nick Suzuki
Buffalo Wild Things,Mikhail Sergachev
Buffalo Wild Things,Darnell Nurse
Buffalo Wild Things,Mason Marchment
Buffalo Wild Things,Lawson Crouse
Buffalo Wild Things,Logan Cooley
Buffalo Wild Things,Pavel Zacha
Winged Wheels,Clayton Keller
Winged Wheels,Kyle Connor
Winged Wheels,Bo Horvat
Winged Wheels,Mika Zibanejad
Winged Wheels,Brad Marchand
Winged Wheels,Dawson Mercer
Winged Wheels,Aliaksei Protas
Winged Wheels,Shane Pinto
Winged Wheels,Claude Giroux
Winged Wheels,John Carlson
Winged Wheels,Mike Matheson
Winged Wheels,K'Andre Miller
Winged Wheels,Sean Walker
Winged Wheels,Devon Toews
Winged Wheels,Chandler Stephenson
Winged Wheels,Filip Gustavsson
Winged Wheels,Darcy Kuemper
Winged Wheels,William Nylander
Winged Wheels,Kirill Marchenko
Winged Wheels,Justin Faulk
Winged Wheels,Karel Vejmelka
Winged Wheels,Alexander Wennberg
Team OldmenwithED,Connor Bedard
Team OldmenwithED,Lucas Raymond
Team OldmenwithED,Juraj Slafkovsky
Team OldmenwithED,Mathew Barzal
Team OldmenwithED,Artturi Lehkonen
Team OldmenwithED,Tom Wilson
Team OldmenwithED,Ivan Demidov
Team OldmenwithED,Jordan Eberle
Team OldmenwithED,Alex Laferriere
Team OldmenwithED,Lane Hutson
Team OldmenwithED,Jackson LaCombe
Team OldmenwithED,J.J. Moser
Team OldmenwithED,MacKenzie Weegar
Team OldmenwithED,Martin Fehervary
Team OldmenwithED,Gabriel Landeskog
Team OldmenwithED,Jake Oettinger
Team OldmenwithED,Brandon Bussi
Team OldmenwithED,Matthew Tkachuk
Team OldmenwithED,Jaccob Slavin
Team OldmenwithED,Anton Forsberg
Team OldmenwithED,Justin Sourdif
Team OldmenwithED,Jeremy Lauzon
Team OldmenwithED,Martin Necas
Team OldmenwithED,Kris Letang
Team SFLD,Jack Hughes
Team SFLD,Brady Tkachuk
Team SFLD,Sam Reinhart
Team SFLD,Nazem Kadri
Team SFLD,Will Cuylle
Team SFLD,Tyler Toffoli
Team SFLD,Charlie Coyle
Team SFLD,Christian Dvorak
Team SFLD,Zach Werenski
Team SFLD,Rasmus Andersson
Team SFLD,Gustav Forsling
Team SFLD,Brent Burns
Team SFLD,Artem Zub
Team SFLD,Adam Larsson
Team SFLD,Jacob Markstrom
Team SFLD,Dan Vladar
Team SFLD,Jordan Kyrou
Team SFLD,Brandon Montour
Team SFLD,Logan Thompson
Team SFLD,Ryan Poehling
Team SFLD,Pavel Buchnevich
Team SFLD,Jack Roslovic
Team SFLD,Rickard Rakell
Team SFLD,Ukko-Pekka Luukkonen
Sidney Crosby Tribute Team,Sidney Crosby
Sidney Crosby Tribute Team,J.T. Miller
Sidney Crosby Tribute Team,Roope Hintz
Sidney Crosby Tribute Team,Nikolaj Ehlers
Sidney Crosby Tribute Team,Drake Batherson
Sidney Crosby Tribute Team,Ryan Nugent-Hopkins
Sidney Crosby Tribute Team,Cutter Gauthier
Sidney Crosby Tribute Team,Mark Stone
Sidney Crosby Tribute Team,Marcus Johansson
Sidney Crosby Tribute Team,Evan Bouchard
Sidney Crosby Tribute Team,Josh Morrissey
Sidney Crosby Tribute Team,Mattias Ekholm
Sidney Crosby Tribute Team,Brandt Clarke
Sidney Crosby Tribute Team,Nikita Zadorov
Sidney Crosby Tribute Team,Thomas Harley
Sidney Crosby Tribute Team,Spencer Knight
Sidney Crosby Tribute Team,Charlie Lindgren
Sidney Crosby Tribute Team,Jared McCann
Sidney Crosby Tribute Team,Jonathan Huberdeau
Sidney Crosby Tribute Team,Justin Brazeau
Sidney Crosby Tribute Team,Colton Parayko
Sidney Crosby Tribute Team,Matt Coronato
Sidney Crosby Tribute Team,Victor Hedman
Sidney Crosby Tribute Team,Igor Shesterkin
Dearborn Thunder,David Pastrnak
Dearborn Thunder,Sebastian Aho
Dearborn Thunder,Macklin Celebrini
Dearborn Thunder,Tim Stutzle
Dearborn Thunder,Mark Scheifele
Dearborn Thunder,Bryan Rust
Dearborn Thunder,Ryan O'Reilly
Dearborn Thunder,Zach Hyman
Dearborn Thunder,Mikael Backlund
Dearborn Thunder,Charlie McAvoy
Dearborn Thunder,Jakob Chychrun
Dearborn Thunder,Noah Dobson
Dearborn Thunder,Matt Roy
Dearborn Thunder,Ryan Pulock
Dearborn Thunder,Ben Chiarot
Dearborn Thunder,Mackenzie Blackwood
Dearborn Thunder,Dustin Wolf
Dearborn Thunder,Carter Verhaeghe
Dearborn Thunder,Dylan DeMelo
Dearborn Thunder,Chris Kreider
Dearborn Thunder,Tristan Jarry
Dearborn Thunder,Braden Schneider
Dearborn Thunder,Linus Ullmark
Dearborn Italian Bakery,Jack Eichel
Dearborn Italian Bakery,Mikko Rantanen
Dearborn Italian Bakery,Jake Guentzel
Dearborn Italian Bakery,Joel Eriksson Ek
Dearborn Italian Bakery,Dylan Guenther
Dearborn Italian Bakery,Evgeni Malkin
Dearborn Italian Bakery,Emil Heineman
Dearborn Italian Bakery,Eeli Tolvanen
Dearborn Italian Bakery,Bobby McMann
Dearborn Italian Bakery,Cale Makar
Dearborn Italian Bakery,Miro Heiskanen
Dearborn Italian Bakery,Thomas Chabot
Dearborn Italian Bakery,Mattias Samuelsson
Dearborn Italian Bakery,Damon Severson
Dearborn Italian Bakery,Troy Terry
Dearborn Italian Bakery,Jet Greaves
Dearborn Italian Bakery,Sergei Bobrovsky
Dearborn Italian Bakery,Frank Nazar
Dearborn Italian Bakery,Jason Zucker
Dearborn Italian Bakery,Anze Kopitar
Dearborn Italian Bakery,Corey Perry
Dearborn Italian Bakery,Eetu Luostarinen
Dearborn Italian Bakery,Luke Hughes
Dearborn Italian Bakery,Jesper Wallstedt
West Allis Ellie’s,Auston Matthews
West Allis Ellie’s,Artemi Panarin
West Allis Ellie’s,Alex Ovechkin
West Allis Ellie’s,Adrian Kempe
West Allis Ellie’s,Alex DeBrincat
West Allis Ellie’s,Sam Bennett
West Allis Ellie’s,Brock Nelson
West Allis Ellie’s,Mason McTavish
West Allis Ellie’s,Luke Evangelista
West Allis Ellie’s,Brock Faber
West Allis Ellie’s,Erik Karlsson
West Allis Ellie’s,Jacob Trouba
West Allis Ellie’s,Bowen Byram
West Allis Ellie’s,Aaron Ekblad
West Allis Ellie’s,John Tavares
West Allis Ellie’s,Andrei Vasilevskiy
West Allis Ellie’s,Ilya Sorokin
West Allis Ellie’s,Jonathan Marchessault
West Allis Ellie’s,Zeev Buium
West Allis Ellie’s,Matt Duchene
West Allis Ellie’s,Ryan Donato
West Allis Ellie’s,Stuart Skinner
The Dunndertaker,Cole Caufield
The Dunndertaker,Filip Forsberg
The Dunndertaker,Jesper Bratt
The Dunndertaker,Dylan Strome
The Dunndertaker,Anders Lee
The Dunndertaker,Matty Beniers
The Dunndertaker,Josh Doan
The Dunndertaker,Jack Quinn
The Dunndertaker,Vince Dunn
The Dunndertaker,Noah Hanifin
The Dunndertaker,Matthew Schaefer
The Dunndertaker,Alexander Nikishin
The Dunndertaker,Parker Wotherspoon
The Dunndertaker,Will Smith
The Dunndertaker,Joey Daccord
The Dunndertaker,Alex Lyon
The Dunndertaker,Jason Robertson
The Dunndertaker,Robert Thomas
The Dunndertaker,Wyatt Johnston
The Dunndertaker,Neal Pionk
The Dunndertaker,Tyler Bertuzzi
The Dunndertaker,Beckett Sennecke
The Dunndertaker,Adam Fox
The Dunndertaker,Marco Rossi
Michigan Tinker Belles,Nikita Kucherov
Michigan Tinker Belles,Elias Pettersson
Michigan Tinker Belles,Travis Konecny
Michigan Tinker Belles,Matthew Knies
Michigan Tinker Belles,Pavel Dorofeyev
Michigan Tinker Belles,Morgan Geekie
Michigan Tinker Belles,Anton Lundell
Michigan Tinker Belles,Ivan Barbashev
Michigan Tinker Belles,Gabriel Vilardi
Michigan Tinker Belles,Roman Josi
Michigan Tinker Belles,Jake McCabe
Michigan Tinker Belles,Esa Lindell
Michigan Tinker Belles,Jared Spurgeon
Michigan Tinker Belles,Dougie Hamilton
Michigan Tinker Belles,Dmitri Voronkov
Michigan Tinker Belles,Connor Hellebuyck
Michigan Tinker Belles,Adin Hill
Michigan Tinker Belles,Evander Kane
Michigan Tinker Belles,William Eklund
Michigan Tinker Belles,Sean Durzi
Michigan Tinker Belles,Brenden Dillon
Michigan Tinker Belles,Matvei Michkov
Michigan Tinker Belles,Brayden Point
Michigan Tinker Belles,Kiefer Sherwood
